[
  {
    "code": "SCHOOL2024",
    "school_name": "BBPS NOIDA",
    "school_domain": "nd.balbharati.org",
    "is_active": true,
    "max_uses": 1000
  },
  {
    "code": "UNIVERSITY2024",
    "school_name": "Demo University",
    "school_domain": "university.edu",
    "is_active": true,
    "max_uses": 500
  },
  {
    "code": "COLLEGE2024",
    "school_name": "Demo College",
    "school_domain": "college.edu",
    "is_active": true,
    "max_uses": 300
  },
  {
    "code": "UNI2024A",
    "school_name": "Byte University",
    "school_domain": "university.edu",
    "is_active": true,
    "max_uses": 500
  },
  {
    "code": "COLLEGE50",
    "school_name": "Byte College",
    "school_domain": "college.edu",
    "is_active": true,
    "max_uses": 300
  },
  {
    "code": "ALUMNI2024",
    "school_name": "Byte Alumni Network",
    "school_domain": "alumni.edu",
    "is_active": false,
    "max_uses": 100
  }
]